"SKU","图片类型","图片内容","文件名","公开HTTPS直链","宽度","高度","状态"
"W1533P592486","主图","白底主图","W1533P592486_01.png","https://raw.githubusercontent.com/wuyanwu0608-boop/product-images/main/W1533P592486/W1533P592486_01.png","1254","1254","已优化"
"W1533P592486","副图1","17×18英寸外廓","W1533P592486_02.png","https://raw.githubusercontent.com/wuyanwu0608-boop/product-images/main/W1533P592486/W1533P592486_02.png","1254","1254","已优化"
"W1533P592486","副图2","安装场景","W1533P592486_03.png","https://raw.githubusercontent.com/wuyanwu0608-boop/product-images/main/W1533P592486/W1533P592486_03.png","1254","1254","已优化"
"W1533P592486","副图3","下水器展示","W1533P592486_04.png","https://raw.githubusercontent.com/wuyanwu0608-boop/product-images/main/W1533P592486/W1533P592486_04.png","1254","1254","已优化"
"W1533P592486","副图4","拉丝表面细节","W1533P592486_05.png","https://raw.githubusercontent.com/wuyanwu0608-boop/product-images/main/W1533P592486/W1533P592486_05.png","1254","1254","已优化"
"W1533P592486","副图5","盆体俯视","W1533P592486_06.png","https://raw.githubusercontent.com/wuyanwu0608-boop/product-images/main/W1533P592486/W1533P592486_06.png","1254","1254","已优化"
"W1533P592486","副图6","台下安装","W1533P592486_07.png","https://raw.githubusercontent.com/wuyanwu0608-boop/product-images/main/W1533P592486/W1533P592486_07.png","1254","1254","已优化"
"W1533P592486","副图7","保护底网","W1533P592486_08.png","https://raw.githubusercontent.com/wuyanwu0608-boop/product-images/main/W1533P592486/W1533P592486_08.png","1254","1254","已优化"
"W1533P592486","副图8","整套配件","W1533P592486_09.png","https://raw.githubusercontent.com/wuyanwu0608-boop/product-images/main/W1533P592486/W1533P592486_09.png","1254","1254","已优化"
