"SKU","图片类型","序号","文件名","GitHub路径","公开HTTPS图片直链","状态"
"N710P365049P","主图","MAIN","N710P365049P_01.png","N710P365049P/N710P365049P_01.png","","待上传"
"N710P365049P","副图","PT01","N710P365049P_02.png","N710P365049P/N710P365049P_02.png","","待上传"
"N710P365049P","副图","PT02","N710P365049P_03.png","N710P365049P/N710P365049P_03.png","","待上传"
"N710P365049P","副图","PT03","N710P365049P_04.png","N710P365049P/N710P365049P_04.png","","待上传"
"N710P365049P","副图","PT04","N710P365049P_05.png","N710P365049P/N710P365049P_05.png","","待上传"
"N710P365049P","副图","PT05","N710P365049P_06.png","N710P365049P/N710P365049P_06.png","","待上传"
"N710P365049P","副图","PT06","N710P365049P_07.png","N710P365049P/N710P365049P_07.png","","待上传"
"N710P365049P","副图","PT07","N710P365049P_08.png","N710P365049P/N710P365049P_08.png","","待上传"
"N710P365049P","副图","PT08","N710P365049P_09.png","N710P365049P/N710P365049P_09.png","","待上传"
